post_id,subreddit,post_author,post_created_utc,post_title,post_text,pulled_at_utc,post_author_blank_or_deleted,post_author_automod,post_author_modteam_style,post_distinguished_moderator,post_stickied,post_title_blank,post_body_removed,post_body_blank,post_text_available,meta_post_reason
1o5fkrg,AskDocs,AutoModerator,1760349638,"Weekly Discussion/General Questions Thread - October 13, 2025","**This is a weekly general discussion and general questions thread for the AskDocs community to discuss medicine, health, careers in medicine, etc.** Here you have the opportunity to communicate with AskDocs' doctors, medical professionals and general community even if you do not have a specific medical question! You can also use this as a meta thread for the subreddit, giving feedback on changes to the subreddit, suggestions for new features, etc.

**What can I post here?**

* Questions or general health topics that are not about specific symptoms or personal medical issues
* Comments regarding recent medical news
* Questions about careers in medicine
* AMA-style questions for medical professionals to answer
* Feedback and suggestions for the [r/AskDocs](https://www.reddit.com/r/AskDocs/) subreddit

You may **NOT** post your questions about your own health or situation from the subreddit in this thread.

*Report any and all comments that are in violation of our* [*rules*](https://www.reddit.com/r/AskDocs/about/rules/) *so the mod team can evaluate and remove them.*",2026-04-28T22:25:18.898904+00:00,0,1,0,0,1,0,0,0,1,known_meta_post_author
1ou6kku,AskDocs,AutoModerator,1762858835,"Weekly Discussion/General Questions Thread - November 11, 2025","**This is a weekly general discussion and general questions thread for the AskDocs community to discuss medicine, health, careers in medicine, etc.** Here you have the opportunity to communicate with AskDocs' doctors, medical professionals and general community even if you do not have a specific medical question! You can also use this as a meta thread for the subreddit, giving feedback on changes to the subreddit, suggestions for new features, etc.

**What can I post here?**

* Questions or general health topics that are not about specific symptoms or personal medical issues
* Comments regarding recent medical news
* Questions about careers in medicine
* AMA-style questions for medical professionals to answer
* Feedback and suggestions for the [r/AskDocs](https://www.reddit.com/r/AskDocs/) subreddit

You may **NOT** post your questions about your own health or situation from the subreddit in this thread.

*Report any and all comments that are in violation of our* [*rules*](https://www.reddit.com/r/AskDocs/about/rules/) *so the mod team can evaluate and remove them.*",2026-04-28T22:25:18.898904+00:00,0,1,0,0,1,0,0,0,1,known_meta_post_author
1p090na,AskDocs,AutoModerator,1763463634,"Weekly Discussion/General Questions Thread - November 18, 2025","**This is a weekly general discussion and general questions thread for the AskDocs community to discuss medicine, health, careers in medicine, etc.** Here you have the opportunity to communicate with AskDocs' doctors, medical professionals and general community even if you do not have a specific medical question! You can also use this as a meta thread for the subreddit, giving feedback on changes to the subreddit, suggestions for new features, etc.

**What can I post here?**

* Questions or general health topics that are not about specific symptoms or personal medical issues
* Comments regarding recent medical news
* Questions about careers in medicine
* AMA-style questions for medical professionals to answer
* Feedback and suggestions for the [r/AskDocs](https://www.reddit.com/r/AskDocs/) subreddit

You may **NOT** post your questions about your own health or situation from the subreddit in this thread.

*Report any and all comments that are in violation of our* [*rules*](https://www.reddit.com/r/AskDocs/about/rules/) *so the mod team can evaluate and remove them.*",2026-04-28T22:25:18.898904+00:00,0,1,0,0,1,0,0,0,1,known_meta_post_author
1p5e4td,AskDocs,AutoModerator,1763982035,"Weekly Discussion/General Questions Thread - November 24, 2025","**This is a weekly general discussion and general questions thread for the AskDocs community to discuss medicine, health, careers in medicine, etc.** Here you have the opportunity to communicate with AskDocs' doctors, medical professionals and general community even if you do not have a specific medical question! You can also use this as a meta thread for the subreddit, giving feedback on changes to the subreddit, suggestions for new features, etc.

**What can I post here?**

* Questions or general health topics that are not about specific symptoms or personal medical issues
* Comments regarding recent medical news
* Questions about careers in medicine
* AMA-style questions for medical professionals to answer
* Feedback and suggestions for the [r/AskDocs](https://www.reddit.com/r/AskDocs/) subreddit

You may **NOT** post your questions about your own health or situation from the subreddit in this thread.

*Report any and all comments that are in violation of our* [*rules*](https://www.reddit.com/r/AskDocs/about/rules/) *so the mod team can evaluate and remove them.*",2026-04-28T22:25:18.898904+00:00,0,1,0,0,1,0,0,0,1,known_meta_post_author
1pb9wuw,AskDocs,AutoModerator,1764586838,"Weekly Discussion/General Questions Thread - December 01, 2025","**This is a weekly general discussion and general questions thread for the AskDocs community to discuss medicine, health, careers in medicine, etc.** Here you have the opportunity to communicate with AskDocs' doctors, medical professionals and general community even if you do not have a specific medical question! You can also use this as a meta thread for the subreddit, giving feedback on changes to the subreddit, suggestions for new features, etc.

**What can I post here?**

* Questions or general health topics that are not about specific symptoms or personal medical issues
* Comments regarding recent medical news
* Questions about careers in medicine
* AMA-style questions for medical professionals to answer
* Feedback and suggestions for the [r/AskDocs](https://www.reddit.com/r/AskDocs/) subreddit

You may **NOT** post your questions about your own health or situation from the subreddit in this thread.

*Report any and all comments that are in violation of our* [*rules*](https://www.reddit.com/r/AskDocs/about/rules/) *so the mod team can evaluate and remove them.*",2026-04-28T22:25:18.898904+00:00,0,1,0,0,1,0,0,0,1,known_meta_post_author
1ph9lo5,AskDocs,AutoModerator,1765191634,"Weekly Discussion/General Questions Thread - December 08, 2025","**This is a weekly general discussion and general questions thread for the AskDocs community to discuss medicine, health, careers in medicine, etc.** Here you have the opportunity to communicate with AskDocs' doctors, medical professionals and general community even if you do not have a specific medical question! You can also use this as a meta thread for the subreddit, giving feedback on changes to the subreddit, suggestions for new features, etc.

**What can I post here?**

* Questions or general health topics that are not about specific symptoms or personal medical issues
* Comments regarding recent medical news
* Questions about careers in medicine
* AMA-style questions for medical professionals to answer
* Feedback and suggestions for the [r/AskDocs](https://www.reddit.com/r/AskDocs/) subreddit

You may **NOT** post your questions about your own health or situation from the subreddit in this thread.

*Report any and all comments that are in violation of our* [*rules*](https://www.reddit.com/r/AskDocs/about/rules/) *so the mod team can evaluate and remove them.*",2026-04-28T22:25:18.898904+00:00,0,1,0,0,1,0,0,0,1,known_meta_post_author
1pmxfqk,AskDocs,solrflrr,1765769768,[ Removed by moderator ],[removed],2026-04-28T22:25:18.898904+00:00,0,0,0,0,0,0,1,0,0,meta_title_pattern:\bmoderator\b
1pn4mm3,AskDocs,AutoModerator,1765796436,"Weekly Discussion/General Questions Thread - December 15, 2025","**This is a weekly general discussion and general questions thread for the AskDocs community to discuss medicine, health, careers in medicine, etc.** Here you have the opportunity to communicate with AskDocs' doctors, medical professionals and general community even if you do not have a specific medical question! You can also use this as a meta thread for the subreddit, giving feedback on changes to the subreddit, suggestions for new features, etc.

**What can I post here?**

* Questions or general health topics that are not about specific symptoms or personal medical issues
* Comments regarding recent medical news
* Questions about careers in medicine
* AMA-style questions for medical professionals to answer
* Feedback and suggestions for the [r/AskDocs](https://www.reddit.com/r/AskDocs/) subreddit

You may **NOT** post your questions about your own health or situation from the subreddit in this thread.

*Report any and all comments that are in violation of our* [*rules*](https://www.reddit.com/r/AskDocs/about/rules/) *so the mod team can evaluate and remove them.*",2026-04-28T22:25:18.898904+00:00,0,1,0,0,1,0,0,0,1,known_meta_post_author
