comment_id,post_id,subreddit,parent_id,author,created_utc,text,distinguished,stickied,collection_week_idx,collection_week_label,pulled_at_utc,date,week_start,year_week,parent_comment_id,template_reason
ni0raik,1nzaihs,askscience,t3_1nzaihs,stars9r9in9the9past,1759727962,"I was look at the upcoming 7-day for the week on weather.gov (not .com; you'll get it if you get it) and realized I'm super dependent on looking up weather.

I saw for Southeast Michigan (outside of Detroit), a couple days of mid 80s with lows in the 50s, for October now, with a single day of 80% chance of rain, followed by the rest of the week of highs in mid 60s and lows of mid 30s-high 40s. When seeing this, I immediately recognized this felt unexpected to me, meaning I don't actually understand it.

I could ask about specifics, like why the one day of rain seems to drop the heat into the cold, or I could detail some basic understanding such as knowing % chance rain is a product of percent likely X chance at any given area, or how humidity impacts ambient warming/cooling.

But I'd mainly love to amass educational resources that explain this in a cumulative fashion, where I can build understanding from any one resource to the next, even if unrelated.

I ask this because, meteorology is a whole field, news forecasters (aside from the entertainment value and charisma) do this for a living, and I feel like someone who can break down fundamental concepts should be able to get at least some intuitive sense of weather, without having to depend on an app or website, even given that there is never a 100% way to predict the weather of course. But knowing patterns, meteorological concepts, historical trends, and (astro?)phyics sound like it goes a long way to independently fostering a base notion of it all.",,False,1,W01_2025-10-06_to_2025-10-12,2026-04-07T03:14:42.465793+00:00,2025-10-06 05:19:22+00:00,2025-10-06,2025-W40,,repeated_template_same_author
ni0rhku,1nzajlx,askscience,t3_1nzajlx,stars9r9in9the9past,1759728066,"I was look at the upcoming 7-day for the week on weather.gov (not .com; you'll get it if you get it) and realized I'm super dependent on looking up weather.

I saw for Southeast Michigan (outside of Detroit), a couple days of mid 80s with lows in the 50s, for October now, with a single day of 80% chance of rain, followed by the rest of the week of highs in mid 60s and lows of mid 30s-high 40s. When seeing this, I immediately recognized this felt unexpected to me, meaning I don't actually understand it.

I could ask about specifics, like why the one day of rain seems to drop the heat into the cold, or I could detail some basic understanding such as knowing % chance rain is a product of percent likely X chance at any given area, or how humidity impacts ambient warming/cooling.

But I'd mainly love to amass educational resources that explain this in a cumulative fashion, where I can build understanding from any one resource to the next, even if unrelated.

I ask this because, meteorology is a whole field, news forecasters (aside from the entertainment value and charisma) do this for a living, and I feel like someone who can break down fundamental concepts should be able to get at least some intuitive sense of weather, without having to depend on an app or website, even given that there is never a 100% way to predict the weather of course. But knowing patterns, meteorological concepts, historical trends, and (astro?)phyics sound like it goes a long way to independently fostering a base notion of it all.",,False,1,W01_2025-10-06_to_2025-10-12,2026-04-07T03:14:42.465793+00:00,2025-10-06 05:21:06+00:00,2025-10-06,2025-W40,,repeated_template_same_author
