comment_id,post_id,subreddit,year_week,author,text
nhzg9ik,1nywi6y,todayilearned,2025-W40,HawkHarder,the worst part is people think that is normal. I don't see how they eat so much food. No wonder everyone is broke.
nhzgcj9,1nz4438,todayilearned,2025-W40,Public-Policy24,opportunity for the most reciprocalest thing ever
nhzgqvz,1nywi6y,todayilearned,2025-W40,ShookSamurai_,"How do you even get that heavy?

No I’m being serious, I’m 5’11”, 135 pounds and I can’t gain weight to save my LIFE"
nhzgrys,1nz4438,todayilearned,2025-W40,Bitter-Cable-181,"Hijack a plane or get over it, I stopped caring when I was 9 in 2007 "
nhzgu5o,1nz03a9,todayilearned,2025-W40,CrowSky007,"Surprised no one has mentioned Ed Dwight. Not an astronaut but the first black man selected for training to join the astronaut program.

[https://en.wikipedia.org/wiki/Ed\_Dwight](https://en.wikipedia.org/wiki/Ed_Dwight)"
nhzgw1j,1nz4438,todayilearned,2025-W40,dirty_cuban,Karma is a bitch
nhzhago,1nz4438,todayilearned,2025-W40,EshinX,Maybe they can hire Pete Davidson for the ribbon cutting
nhzhce5,1nywi6y,todayilearned,2025-W40,Hard-Rock68,"My dad is over 200 pounds. His bench press is 370lbs and his squat is 450lbs.
He brings that average up. You gonna tell him he's obese? Unhealthy?"
nhzhf50,1nywi6y,todayilearned,2025-W40,CarlJustCarl,Avg height and BMI?  Weight means nothing without one of those other two.
nhzhi1v,1nywi6y,todayilearned,2025-W40,CarlJustCarl,Source?
nhzhm0g,1nywi6y,todayilearned,2025-W40,Chortney,Crazy that at my heaviest I wasn't even at the US average lol. Now I'm ~140-150 so I stick out in Alabama
nhzhqki,1nywi6y,todayilearned,2025-W40,JackSquat18,Garbage food is cheaper than healthier options that’s why you see a lot of obese people that are poor. You don’t feel as full with the garbage food so you eat more of it.
nhzhtz2,1ny3a0i,todayilearned,2025-W40,52Charles,"Hammett also created another character called 'The Continental Op,' an operative of the Continental Detective Agency, which was a stand-in for the Pinkerton Agency, for whom Hammett had worked previously. The Continental Op (whose name is never given) is sometimes referred to as being short and fat."
nhzi22p,1nywi6y,todayilearned,2025-W40,nomamesgueyz,Wow that's a lot of obese people
nhzidol,1nywi6y,todayilearned,2025-W40,flyover_liberal,Woo!  I'm above average!
nhziry2,1nywi6y,todayilearned,2025-W40,VanillaThnder,I wish
nhzjp9d,1nz03a9,todayilearned,2025-W40,Lahbeef69,ill get downvoted to oblivion for this and as fucked up as it is that’s a pretty funny joke
nhzjx4q,1nywi6y,todayilearned,2025-W40,FlatRooster4561,"You might have broad shoulders and be able to carry weight easily. I have a friend who is the same height as me, but he’s got a huge frame and can easily carry thirty more pounds than me but still be in shape. BMI is a bunch of nonsense. I’m 5’8” 165 with visible abs and I’m just shy of being considered overweight via BMI"
nhzjzeb,1nywi6y,todayilearned,2025-W40,YachtswithPyramids,Tiny ppl
nhzjzkt,1nywi6y,todayilearned,2025-W40,elephant35e,"I'm 5'11 - 6'0, about 164 pounds, and 27. It's nice being 30+ pounds lower than average."
nhzk0vm,1nywi6y,todayilearned,2025-W40,RepresentativeIcy922,what's the median though
nhzk6lo,1nywi6y,todayilearned,2025-W40,DamagedLiver,"I get your messages but that's not super strong for 200lbs+, age is also a factor and props to your dad for keeping in shape. Just weird flex and almost no one works out like your dad does. The point is that most americans are a bit overweight. It doesn't mean all of em."
nhzl7ur,1nyue1w,todayilearned,2025-W40,sadcheeseballs,"I always like to remind people that a huge percentage of the great pacific garbage patch is fishing waste— for instance, large nets. The solution involves better reduction of waste getting into waterways (mostly in a handful of nations) but also reformed sea fishing rules and accountability."
nhzljtd,1nywi6y,todayilearned,2025-W40,jabobo2121,That’s disgusting
nhzlla7,1nywi6y,todayilearned,2025-W40,acrobat2126,"I'm 240 and 6' tall. I need to be stopped and am actively working on my weight. My fat ass usually eats a whole pizza, yesterday I had 1 slice. 

If any other fat bastard reads this, we can do it. Let's try being small for a while."
nj6v0vp,1o54a5i,todayilearned,2025-W41,greatgildersleeve,I hope the kitty was okay.
nj6vvi3,1o546ls,todayilearned,2025-W41,sucksLess,we done fucked up with Al Gore
nj6wwdf,1o546ls,todayilearned,2025-W41,StrictlyForTheBirds,I thought Republicans didn't like drag queens...
nj6wwlm,1o53jwb,todayilearned,2025-W41,Blutarg,"Wow, I thought only half our oxygen came from oceans."
nj6x0rd,1o4u1pk,todayilearned,2025-W41,Beneficial-Focus3702,That should be considered something like assault if you were warned and did it anyway.
nj6x4uw,1o4u1pk,todayilearned,2025-W41,Garchompisbestboi,"Needs of the many outweigh the needs of the few, if your kid can't go out in public without nearly dying then that's on you to make sure that their medical needs are met."
nj6xbyh,1o546ls,todayilearned,2025-W41,BLF402,He’s the deep state president literally fighting the greatest enemy known in existence.
nj6xhzx,1o4u1pk,todayilearned,2025-W41,Akemi_Tachibana,"Two years? Unless that person flies frequently, that isn't a punishment. A life time ban would be appropriate. "
nj6xikb,1o53evy,todayilearned,2025-W41,Trixie1143,Are you young to be on reddit?
nj6xpp0,1o54a5i,todayilearned,2025-W41,spaceporter,Interesting gambit.
nj6xuut,1o4y0au,todayilearned,2025-W41,Optimus_Krime555666,"""reportedly""


AKA pure, grade-A bullshit"
nj6y5sb,1o53s0f,todayilearned,2025-W41,GoldMonk44,"“Are you attempting to steal (a ball 🎾) fro your superior officer? No take, only throw”"
nj6y6lq,1o4u1pk,todayilearned,2025-W41,Lensmaster75,They will jail someone for an internet post over there but this attempted homicide is just two year break from the plane WTF
nj6y81g,1o4xsfj,todayilearned,2025-W41,-UserOfNames,4% of the time it works every time
nj6y9jg,1o4u1pk,todayilearned,2025-W41,clownandmuppet,"With peanut allergies being relatively well known, why do airlines continue to serve peanuts?"
nj6yhqt,1o54a5i,todayilearned,2025-W41,Diarmundy,En passant gambit - Declined
nj6yhs5,1o4zy6e,todayilearned,2025-W41,girldrinkdrunk,"I bought this when it first came out, subsequently played the ever loving shit out of it for many years, only realized what the cover was about fifteen years ago."
nj6ysvf,1o557m3,todayilearned,2025-W41,GBeastETH,Gives new meaning to Old Man River.
nj6z24f,1o557m3,todayilearned,2025-W41,tidymaze,"The Appalachian mountains are older than fossils. Seriously, there are no fossils in those rocks. They also share the same composition as the Scottish highlands."
nj6z38i,1o546ls,todayilearned,2025-W41,Flurb4,He became VP through a vote of Congress.
nj6z41e,1o4u1pk,todayilearned,2025-W41,nojob4acowboy,"Yeah, but maybe……."
nj6zfab,1o54yiq,todayilearned,2025-W41,janspamn,It always gets to me that even the oldest civilizations probably sprouted where people had already been living and thriving for 1000's of years.
nj6ziqx,1o54yiq,todayilearned,2025-W41,dubbzy104,These settlements are in a specific spot because that’s where the aliens landed!
nj6zl2k,1o4u1pk,todayilearned,2025-W41,theblobbbb,"Why isn’t that child traveling with a gas mask on or something? Half the people on planes have earphones on or are just generally ignoring announcements.

More at fault would be the server who gave the nuts surely. And the parent who didn’t have them in a mask."
nj6zm7x,1o546ls,todayilearned,2025-W41,Big_Wave9732,"Yea, being VP historically hasn't been the express lane to the presidency that people think it is.  I'm many instances by the time it's the VP's turn to run, people are sick of the incumbent's policies and don't want more of the same. "
nkedina,1oaww74,todayilearned,2025-W42,Djwshady44,Sounds like the title to a James Bond film.
nkedtla,1ob23u3,todayilearned,2025-W42,GarysCrispLettuce,"If you force a horse to dive, I don't care if you don't thrive."
nkee8xe,1ob0vvo,todayilearned,2025-W42,Low_Wall_7828,"I hate you Trent, here’s a bunch of money."
nkeevow,1ob523x,todayilearned,2025-W42,Johnny-Cash-Facts,"If grammar was a competition, you would *lose*."
nkeg58t,1ob523x,todayilearned,2025-W42,CallingTomServo,Our Attorney General got busted for a DUI not too long after IIRC
nkeg8my,1ob0vvo,todayilearned,2025-W42,XennialBoomBoom,"Reznor's kind of a butt.  So is Durst.  Not to condescend, but has anyone ever dated a ""musician"" before?

Reznor, Durst, and many others were annoying butts before they made artistic impact.

Think of the thousands of mentally unwell music hopefuls and their underappreciated partners.  Is there, like, some sort of N.A. but the problem isn't drugs, it's a *fucking guitar*?"
nkegx8r,1ob523x,todayilearned,2025-W42,MonkMajor5224,My roommate when I was in college in Wisconsin got a DUI going to Burger King at 1 am. It was 8 blocks.
nkehhak,1ob523x,todayilearned,2025-W42,manondorf,"Wisconsinite here, it's shockingly prevalent and normalized. Of the 50 drunkest counties in the country, [41 are in Wisconsin](https://vinepair.com/booze-news/map-drunkest-and-driest-counties-america/). We top the leaderboards for [specific cities](https://www.datapandas.org/ranking/drunkest-cities-in-america), too.

The map in that first link shows a stark contrast between us and neighboring states that get as little sunlight and as much snow as we do, so I can't blame it all on that. It's like people take pride in how regularly and how much they drink."
nkehqz3,1ob523x,todayilearned,2025-W42,JonJackjon,I would be curious if one blew 3 or 4 times what variation in the level might be.
nkei801,1ob0vvo,todayilearned,2025-W42,bigdaddypoppin,Imagine writing a diss track about one of the GOATs of rock
nkeid66,1ob08ba,todayilearned,2025-W42,Sweaty_Goat_3920,Ace Fraleys is the best of the four
nkeiove,1ob523x,todayilearned,2025-W42,Canklosaurus,"I’ve been in the Navy for close to twenty years and have only personally known one person who was processed out for alcohol-abuse disorder.

He was from Wisconsin, and drank more than anyone I’ve ever met. He invited me over to his house once after work and cleared 28 beers out of a 30 rack (I had the other two). It was a Tuesday."
nkeiumd,1ob3l6o,todayilearned,2025-W42,hiraeth_stars,Well that's just disgusting 🤢
nkejnor,1ob0vvo,todayilearned,2025-W42,LoudDistribution3473,Limp bizkit sucks anyway
nkejski,1ob523x,todayilearned,2025-W42,jdeeth,Wisconsin was 0.15% till I think the 60s
nkekd1j,1oazzl9,todayilearned,2025-W42,piscesman,Featured within [this video.](https://youtu.be/HL0RH3x7Zzo)
nkekuji,1oac428,todayilearned,2025-W42,Masterpiece-Haunting,Do they have a bayonet that gets used by chance?
nkelhqr,1ob5z03,todayilearned,2025-W42,Elevator-Ancient,https://youtu.be/1rnEjPbSqOE?si=jAKDxHV_bK9GHKx8
nkelkpw,1ob523x,todayilearned,2025-W42,TrulyNotABot,Subjective mood
nkelxmv,1ob523x,todayilearned,2025-W42,lblack_dogl,"I don't agree. What you just described is a grammar issue. OP misspelled ""lose"" as ""loose"". It was a spelling problem. Surely, OP did not say the word loose out loud or internally. He meant lose and spelled it wrong. You cannot misspell ""have"" as ""of"". In that case, you are using the wrong word entirely, so it's a grammar problem."
nkem2l5,u86bt6,todayilearned,2025-W42,OpenUpShop786,"The Late, Great George Carlin explained to us why ppl like Geller gain even more fame despite being proven a hack...

""Think of how stupid the average person is, and realize half of them are stupider than that."""
nkemc85,1oa9vpu,todayilearned,2025-W42,Miyuki22,Hmmm... That's rather sexist of them.
nkemg9q,1oa9okm,todayilearned,2025-W42,AppleDane,"Well, he was a Dane."
nkemjqt,1ob0vvo,todayilearned,2025-W42,nkaka,i always thought it was an homage!
nkemkv4,1ob0vvo,todayilearned,2025-W42,MagicOrpheus310,Lol never knew that until now so... Guess that was a fucken waste Fred haha
nlkgko6,1ogjx1k,todayilearned,2025-W43,sadboyinparis,"honestly the stabbing seems like the worse option here - drowning's supposed to be peaceful after the initial panic, right? but I guess being trapped underwater changes the math"
nlkgx3n,1ogjx1k,todayilearned,2025-W43,fakiresky,I read some of the entries on this page. Most of are just sad instances of horrible coincidences but Instant karma for JRN.
nlkgxfi,1ogyxfu,todayilearned,2025-W43,CaptainBayouBilly,"The republican party is anti-american. And anti-humanity.

It is pro death, pro slavery, and pro hate."
nlkh3pt,1ogyxfu,todayilearned,2025-W43,mymar101,This might be the last we ever have. They probably don’t intend on ever opening again
nlkh9f3,1ogmprb,todayilearned,2025-W43,TheEponymousBot,One of them went on to found r/lifeprotips and the other r/lifehacks.
nlkhmg2,1ogzolb,todayilearned,2025-W43,kernraftingdotcom,"Generally speaking, where in CA?"
nlkhrp0,1ofs94s,todayilearned,2025-W43,Seaguard5,"Gee, I wonder why?

*STAGNANT WAGES COUGH COUGH

Work takes too much of our time now. Nobody has time for much else any more"
nlki97a,1ogzolb,todayilearned,2025-W43,tous_die_yuyan,I was expecting this title to end a lot worse than it did.
nlkicha,1ogzmes,todayilearned,2025-W43,material_mailbox,Robert DeNiro was perfect in Jackie Brown
nlkil5i,1ogyuzi,todayilearned,2025-W43,cumberlandbeggar,There's a great novel written about this called the Wake. It's written in a constructed shadow language.
nlkir7z,1ogzb7x,todayilearned,2025-W43,BigGrayBeast,"I swear I saw a made for TV movie prior to the series where the island was hell and he was the devil. I cannot find it on IMDB. 

I remember it began with people on a windowless airliner. One guy was commenting to his wife that another passenger was a famous F1 driver he'd heard on the radio had died in an accident, but guessed that had been an error."
nlkj7bn,1ogzmes,todayilearned,2025-W43,Joulmaster,The Stallone casting would have been fire
nlkjbd0,1og8wmd,todayilearned,2025-W43,SteveCastGames,It’s great now but anyone denying it was a clusterfuck on release is off their meds. I played on PS4 and at one point they put out a patch that made it so that if you opened the settings menu you couldn’t close it. You’d have to reset the whole game. That’s when I refunded.
nlkjbod,1ogjx1k,todayilearned,2025-W43,Interesting-Copy-657,The thumb nail though?
nlkjch0,1oh0fvx,todayilearned,2025-W43,MemoirsOfSharkeisha,Reminds me of someone
nlkjhpa,1ogyutp,todayilearned,2025-W43,gearstars,I'm glad the surgery to get the hole in his hand fixed worked out
nlkjs90,1ogyxfu,todayilearned,2025-W43,Summitjunky,"1976: Under President Gerald Ford. Lasted for 11 days.
1977: Under President Jimmy Carter. Lasted 12 days.
1977: Under Carter. Lasted eight days.
1977: Under Carter. Lasted eight days.
1978: Under Carter. Lasted 17 days.
1979: Under Carter. Lasted 11 days.
1981: Under President Ronald Reagan. Lasted two days.
1982: Under Reagan. Lasted one day.
1982: Under Reagan. Lasted three days.
1983: Under Reagan. Lasted three days.
1984: Under Reagan. Lasted two days.
1984: Under Reagan. Lasted one day.
1986: Under Reagan. Lasted one day.
1987: Under Reagan. Lasted one day.
1990: Under George H.W. Bush. Lasted four days.
1995: Under President Bill Clinton. Lasted five days.
1996: Under Clinton. Lasted 21 days.
2013: Under President Barack Obama. Lasted 17 days.
2018: Under President Donald Trump. Lasted three days.
2018: Under Trump. Lasted several hours.
2019: Under Trump. Lasted 35 days and cost the economy about $3 billion, equal to 0.02% of GDP, according to the Congressional Budget Office.
2025: Under Trump. Started on Oct. 1, 2025."
nlkjxme,1oh0fvx,todayilearned,2025-W43,DarkAlman,The original neck beard
nlkk1h8,1ogyutp,todayilearned,2025-W43,Fit-Let8175,"According to that logic, shouldn't all A&W staff, especially suits: CEO, management, etc., be fired if they eat anywhere else, too?"
nlkk3p7,1oh0fvx,todayilearned,2025-W43,DTPVH,"Ya know, I was going to correct you and say that it was called the “Golden Palace”, but no, the Latin does literally translate to “Golden House”, which is boring."
nlkk5jp,1ogyuzi,todayilearned,2025-W43,Certain-Candle607,"Look up his funeral, he was so obese and his corpse was so bloated that it literally exploded when they stood on his coffin trying to close it."
nlkl15z,1oh0fvx,todayilearned,2025-W43,Sinan_reis,yeah nero was also unfairly maligned by critics as they tried to lie about his actions for political profit.
nlkl5qg,1ogyxfu,todayilearned,2025-W43,0neAy0pen,Yeah but Reagan actually had integrity and cared for the American people. Donnie hates Americans and he hates himself. It’s like comparing an apple to an aggressive tumor.
nlkldvp,1ogzolb,todayilearned,2025-W43,ReticulatedPasta,"There’s a great documentary about this, forget the name, Into the Abyss or something?"
nlkldxb,1ogyxfu,todayilearned,2025-W43,anillop,Say what you will about Regan he had class.
nmsny67,1omt29i,todayilearned,2025-W44,Nobody275,"Republicans are always saying dumb shit like “the government can’t do anything” and “government can’t be efficient.”

The problem is, that’s not what the record shows, and lots of governments around the world do very good jobs of a lot of things. 

Republicans are just paid by oligarchs to ensure that the government is so small and ineffective that for all intents and purposes, there is no accountability for the rich.  That’s their endgame.  And you…..well, after they slash all the hard-won regulations that keep corporations from giving you cancer, killing you in unsafe workplaces, and polluting everything that you depend on………well, you’re screwed and have no recourse."
nmsnzz7,1omps8w,todayilearned,2025-W44,T-Bills,Kind of wild for a race car prototype not to have a fire extinguisher on board
nmso1ab,1omt29i,todayilearned,2025-W44,somewhatfaded,"So remember every day you use weapons of war, and call it work."
nmso4dx,1omt021,todayilearned,2025-W44,Samtyang,"1. My grandpa officiated high school wrestling for 45 years and only stopped at 79 because his knees gave out.. not his eyesight or anything, just couldn't kneel down for the mat work anymore

2. The crazy part is these older refs usually know every single rule better than the young guys. Like they've seen literally every weird situation that can happen in a game

3. I wonder if he started when he was like 20... that means he's been calling games since the early 60s. Think about all the rule changes he's had to learn over the decades

4. There's this 78 year old ump in our softball league who still sprints to first base on close calls. Puts some of the 40-somethings to shame

5. Basketball reffing at 83 sounds exhausting though. All that running up and down the court"
nmsoh6f,1omevw5,todayilearned,2025-W44,Markgulfcoast,One of the earliest? How on gods green earth would one determine that this is the case?
nmspbt9,1omx1qy,todayilearned,2025-W44,trubboy,I think this is where we went wrong. Senators should be free to shoot each other. It's what the forefathers would have wanted.
nmspdqq,1omx1qy,todayilearned,2025-W44,Darwin_Always_Wins,Not a bad idea arming congress and the senate letting them slug it out….survival of the fittest and all…
nmspk4l,1omx5so,todayilearned,2025-W44,Abhi_Jaman_92,"Yup, Zulu too. Why not."
nmspl0o,1omt29i,todayilearned,2025-W44,Domsdad666,I thought Al Gore invented the internet.
nmspv4a,1omw3o0,todayilearned,2025-W44,apeocalypyic,Bro probably'd write a mean sopranos episode
nmspzjp,1om2339,todayilearned,2025-W44,MermaidOfScandinavia,I remember hearing about this in Denmark 15 years ago or so.
nmsr3gp,1omw3o0,todayilearned,2025-W44,buster_rhino,A guy told me once he was working on a bit about an Ancient Greek comedian named Hilaricles.
nmssdow,1omtdyd,todayilearned,2025-W44,TheSpatulaOfLove,We like dystopian shit…
nmssoz3,1omw3o0,todayilearned,2025-W44,mzchen,Why is this entire thread just corny ancient Greece themed standup? Is there some joke or reference I'm not seeing here?
nmst8at,1omx1qy,todayilearned,2025-W44,TwoDrinkDave,"Hell Benton making that joke, weren't you?"
nmsu2mm,1omtdyd,todayilearned,2025-W44,IllustriousFile6404,Smoking DMT did that to me 
nmsu7ky,1omtdyd,todayilearned,2025-W44,Puzzleheaded-Flow724,"> are questions that have puzzled neuroscientists for centuries.

Centuries? Neuroscience has started in 1964..."
nmsuif4,1omb3mw,todayilearned,2025-W44,NewEnglandRoastBeef,"My favorite Dan Aykroyd thing was some UFO documentary he did where he just sits in a chair, in front of a table lamp and proceeds to rip Marlboros while talking about aliens. It's both entertaining, enlightening and emphysema."
nmsurrk,1omx1qy,todayilearned,2025-W44,SessileRaptor,Also “The Caning: The Assault that drove America to civil war” by Stephen Puleo is a great book on the same subject with a narrower focus on the singular incident of the beating of Senator Charles Sumner.
nmsuu5b,1omtdyd,todayilearned,2025-W44,cawfytawk,"Our bodies exist from/through electrical impulses. It controls the brain and our muscles. Scientifically, It makes sense that there's still activity once we die. Metaphysically, I think the brain ""wraps it up"" just before you die to give you closure and as a distraction from the pain. Spiritually, I think the soul leaves the body endures in a different form. Energy can't be created nor destroyed; it can only be transformed."
nmsvg4b,1omtdyd,todayilearned,2025-W44,BrotherChe,There's a great 70s scifi movie with Christopher Walken called Brainstorm that actually depicts tecnology that captures this
nmsvjdv,1omx1qy,todayilearned,2025-W44,KindAwareness3073,"Yes, but that caning was merely the most egregious incident in a smoldering battle that was waged for 30 years before bursting into flame.  Not the cause, just a symptom."
nmsvlrr,1omtdyd,todayilearned,2025-W44,FraggleBiologist,"Does this not terrify anyone else? How long is our brain picking up enough information from the outside world for us to process? Do we even process them? It would be easy to check for full brain death before rolling patients to a morgue, but those bodies at murder scenes, are they still processing anything?

We don't know if they are good memories. We don't really know what it is, it's just a lot nicer to believe you remember all those wonderful moments before our brain shuts down."
nmsvoc4,1omtdyd,todayilearned,2025-W44,DevProjector,What's the evolutionary advantage for such a feature to develop?
nmswdoy,1omw3o0,todayilearned,2025-W44,sexyapple0,"Even time couldn’t cancel him, just delayed the tour by a couple millennia."
no0t755,1oss4rp,todayilearned,2025-W45,Crazy-Gate-948,"I remember reading that there were actually coordinates left at the site pointing to some obscure book about Aboriginal hunting techniques. The whole thing feels like an elaborate art project that got way out of hand.

What gets me is the sheer scale - you'd need serious equipment and planning to pull this off without anyone noticing. Plus the GPS precision in 1998 wasn't exactly consumer grade stuff.

The fact that it's still visible after all these years is wild too. Most land art disappears pretty quickly but the outback conditions must be perfect for preservation. I wonder if whoever made it checks satellite images sometimes just to see their work still there."
no0tdd4,1oss4rp,todayilearned,2025-W45,akfrombotanybay,"A few years after it was done, I was visiting Maree with my dad (who was born there) and we did a sightseeing trip in a small plane. 
During the flight we saw the Maree Man, and it's very impressive from the air. The whole thing was big news at the time in Adelaide."
no0tdvb,1osuz6i,todayilearned,2025-W45,Correct-Active-2876,Did they want it though?
no0thzr,1osyq4c,todayilearned,2025-W45,AskMeHowToBangMILFs,"A lot of people are mistakenly under the impression that the age of consent is 18. He had sex with a 17 year old girl, which is legal in most of the World."
no0tm5h,1osxyc1,todayilearned,2025-W45,Worldly-Time-3201,The same god that told them to genocide six or seven civilizations would NEVER let this slide. Proof there’s no god. Checkmate.
no0tsrj,1osyu6e,todayilearned,2025-W45,the_almighty_walrus,"Just wait until you find out about wasps (100,000), beetles (350,000) and nematodes (probably over a million)."
no0ugx7,1osxyc1,todayilearned,2025-W45,MrScotchyScotch,"lol so many comments about the religion. i think it's interesting that they added the feature. apparently many manufacturers have. i wonder if it was because there's a growing observant population, or if *not* having the feature meant customers went to the brands that did, so everybody had to adopt it?"
no0us9e,1osuz6i,todayilearned,2025-W45,yankeefan0312,Two pieces of shit. Awesome
no0v3kr,1osuz6i,todayilearned,2025-W45,RideWithMeSNV,They aren't sending their best...
no0vnjw,1osyvd5,todayilearned,2025-W45,Noobphobia,Also known as chub rub
no0vuse,1osuz6i,todayilearned,2025-W45,Mathemodel,Tracks for America
no0wngv,1ost4jq,todayilearned,2025-W45,MelodiesOfLife6,"weren't the salads just as bad (if not worse) then most of their other menu items? (in terms of being 'healthy')

  
They still were great but ... yeah...."
no0x0ym,1orcm0z,todayilearned,2025-W45,Hot-Engineering-9743,Yeah. Corpsification.
no0xqfw,1oszhu7,todayilearned,2025-W45,TheSchlaf,"Garnishes for the buffet, probably."
no0y2ee,1osxjjm,todayilearned,2025-W45,Training-Fold-4684,The Screech of his generation.
no0y3fm,1oszhu7,todayilearned,2025-W45,Draxtonsmitz,Kind of. Their buffets were kept cool by tubs of ice and they used the kale to hide the ice.
no0y3gy,1oszhu7,todayilearned,2025-W45,AHailofDrams,It was actually used as decoration for their salad bars
no0y8e2,1oszhu7,todayilearned,2025-W45,mmss,"100% this. It was an extremely cheap and edible decoration, and not widely known as a food."
no0zm8w,1osyu6e,todayilearned,2025-W45,intangible-tangerine,"The most specious group is probably wasps [https://press.princeton.edu/ideas/the-wonderful-world-of-wasps?srsltid=AfmBOopRLrTAUorDdAA4pk7ipeXXG-yyt44s\_3guqaW2Gz55N2NMMytK](https://press.princeton.edu/ideas/the-wonderful-world-of-wasps?srsltid=AfmBOopRLrTAUorDdAA4pk7ipeXXG-yyt44s_3guqaW2Gz55N2NMMytK) 

150k known species but probably many, many more because of the diversity of parasatoid wasps."
no0zzi7,1os847e,todayilearned,2025-W45,davidcwilliams,With friends like these…
no100a8,1oszhu7,todayilearned,2025-W45,GetsGold,"Yeah, was before it became known as the delicious treat we all crave."
no1093b,1ost4jq,todayilearned,2025-W45,ElectricalRespect506,They should bring back fried apple pies.
no10a04,1oszhu7,todayilearned,2025-W45,Ineedacatscan,Brawndo?
no10r6k,1oszhu7,todayilearned,2025-W45,drewster23,I thought garnish was only used for food items? (when in context of 'decoration').
no113gi,1oszhu7,todayilearned,2025-W45,RChickenMan,"I was thinking the same thing! I generally scoff at most posh food trends, but I genuinely enjoyed kale."
np8e746,1oyy2kp,todayilearned,2025-W46,Fett32,"Uh, researchers? Anyone with a hydraulic press and a lego can figure this out."
np8f4lx,1oyz85k,todayilearned,2025-W46,angelcutiebaby,My birthstone
np8ff1d,1oyo0rt,todayilearned,2025-W46,Boringdude1,Also played the lead on Donna Summers’ Hot stuff.
np8hvsf,1oyq0u8,todayilearned,2025-W46,enzo32ferrari,In the released videos I actually had a hard time discerning whether or not the video is sped up or real time.
np8hzwp,9rfr0,todayilearned,2025-W46,w-e-z,I worked there often it's same day you just put overcooked patties into warming bin then off too next chili batch
np8i0rk,1oyy2kp,todayilearned,2025-W46,Blndby90,I’m not surprised. Those things are SOLID.
np8i2f3,1oz17ur,todayilearned,2025-W46,Hankman66,King Leopold owned the Congo Free State. The Belgian Congo was a separate entity that came afterwards.
np8ivso,1oypdvv,todayilearned,2025-W46,Clown_Nightmare1,Wait till the orange oranguatan hears about this.
np8j0ry,1oz17ur,todayilearned,2025-W46,sonnysehra,"The virus originated under Leopold’s rule of the Congo is what I meant to imply (_arguably_ because of colonial practices that started under his regime that facilitated the spread of the virus), but you’re still absolutely right and I appreciate the correction!"
np8j4ns,1oyy2kp,todayilearned,2025-W46,Itisd,So you are saying that even my mother in law can't break a Lego brick?
np8je35,1oyw3s2,todayilearned,2025-W46,blonderoofrat,"If I used it to stain my clothes purple, would they change color if exposed to lemon juice (for example?)  That would actually be a cool trick."
np8jhxy,1oyo4q9,todayilearned,2025-W46,CaolCholla,Shouldnt the responsibility land on the seller/storage host
np8jl32,1oyqb5h,todayilearned,2025-W46,earthmann,"Dr. Felix Liao , sleep doctor, what is his solution to apnea?"
np8ju31,1oysskh,todayilearned,2025-W46,tamsui_tosspot,So TIL [Brooklyn Nine-Nine wasn't just being random](https://youtu.be/xk0h1WcPMHI?si=k9LnXV1V4dxAEFHm).
np8kons,1oyo4q9,todayilearned,2025-W46,Abombasnow,"He didn't ""have"" to do anything. It was legally his."
np8lja2,1oz17ur,todayilearned,2025-W46,Gemmabeta,"Globalization meant that there was a lot more people moving around the world post-WWII.

The reason why AIDS popped up in the New York Haitian Communist first was because they were heavily involved in the shipping industry."
np8m6tw,1oyhmu4,todayilearned,2025-W46,westerngrit,Never heard of anyone doing it twice.
np8mrhw,1oypdvv,todayilearned,2025-W46,AusarHeruSet,There isn’t a treaty the US government hasn’t broken
np8muxc,1oz17ur,todayilearned,2025-W46,joobtastic,Such a good episode.
np8nz14,1oz2bxw,todayilearned,2025-W46,Icy_Block_2262,"Great concept, worth looking into."
np8o0ys,1oz2hde,todayilearned,2025-W46,LitmusPitmus,lmfao
np8ol2z,1oz2hde,todayilearned,2025-W46,RugbyKats,Public Universal Friend is Gay Jesus.
np8pd4n,1oyo4q9,todayilearned,2025-W46,THEREALCABEZAGRANDE,"""Their"" money? They sold it, its all his money, fuck the storage place."
np8pd9y,1oz17ur,todayilearned,2025-W46,poorexcuses,"Yeah, early on they were probably strains that didn't catch as easily as the one that eventually went pandemic. Like how SARS and MERS were contained but COVID couldn't be"
np8pmel,1oz2hde,todayilearned,2025-W46,Emergency_Mine_4455,"The Friend, as far as I’m aware, explained themself as a totally separate entity/soul than Jemima Wilkinson, their birth identity. From what I understand, using feminine pronouns for Jemima would not be incorrect."
nqg33o2,1p41co5,todayilearned,2025-W47,umbium,"That is what having no appartment for oneself, and having no money to live does.to a worker."
nqg358s,1p50m22,todayilearned,2025-W47,draft_final_final,This is probably the most outrageous and horrifying thing an Austrian has ever done.
nqg3e04,1p50m22,todayilearned,2025-W47,uresmane,Hopefully there was some sort of payout
nqg42hs,1p41co5,todayilearned,2025-W47,Intrepid-Love3829,Well. Having third spaces would be helpful to meet new people
nqg4chs,1p41co5,todayilearned,2025-W47,TrueInDueTime,"I (32M) tried so hard in 2025 to get a girlfriend. Singles mixers, speed dating events, dating apps, trying to ask friends if they had any single friends, doing a bunch of different social events to meet people, talking about being single on social media (and sometimes having vids that blew up, like 20K - 200K views). 

Nothing worked out. I went on one date this year. Early January. With a woman who had DMed me on TikTok. That ended up not working out. 

So now I'm just chilling. I have a great life without the romance. There are so many things that are going well in my life. At this point I don't care if I meet someone or not. Because I have learned to be happy while being single. 

It's also peace of mind knowing that I have tried harder than most people to find someone to date, and since it still hasn't worked out, I won't have regrets."
nqg4syq,1p4wtni,todayilearned,2025-W47,Sir-DrProfessor,"Greek here. My grandparents apartment complex in the heart of Thessaloniki was used as one of the main Nazi Hubs/HQ building. Luckily for my great grandparents (white Orthodox Greeks) managed to hang onto it after the occupation ended. But I've heard some horror stories about how their Jewish neighbors were not so lucky. 

Fuck Nazis, never forget."
nqg687d,1p4l1lt,todayilearned,2025-W47,henryhollaway,A flying squirrel raptor?
nqg6t7g,1p41co5,todayilearned,2025-W47,TrueInDueTime,"I feel like, back in college (for me 2011-2015), there were these two metaphorical roads that people were starting to travel on. 

One road was for the people who were getting into relationships, hooking up, having sex, and learning how to initiate a sexual relationship.

The other road was for the people who were not going to parties, not interested in dating, or were going to parties but not able to develop conversations with people they were sexually interested in. I was on this road. 

And the two roads diverged, and now, at 32, it's EXTREMELY difficult for me to somehow hack my way through the woods to get to the other road."
nqg70va,1p514te,todayilearned,2025-W47,DynamiteWitLaserBeam,[Marcus Wayne Chenault](https://aaregistry.org/story/marcus-w-chenault-jr-murderer-born/)
nqg730r,1p3kxn4,todayilearned,2025-W47,Calcularius,The first compression?
nqg92j8,1p3u1s8,todayilearned,2025-W47,DreadPirateGriswold,"In this film, she was about 36 and he was about 20.

Well, maybe Sharon had her own version of Leo's dating age rule?  Certainly wasn't Leo's 25 year old or younger rule."
nqg93q6,1p50m22,todayilearned,2025-W47,Griffon-Knight,Makes you wonder just what they were thinking when they let the 13 year old drill into the skull when it happened.
nqg9727,1p50m22,todayilearned,2025-W47,WheeljacksLabCoat,Person that lodged the complaint was just jealous that they didn’t get to drill the hole.
nqg9t4p,74hkn8,todayilearned,2025-W47,pboy8699,"The writers insisted that Regis say ""bonkos"", which was a stupid decision and most people who saw that episode not only didn't like the fake word, but didn't find it funny in the least, proving Philbin's point that it was a bad decision."
nqga0kh,1p52vfv,todayilearned,2025-W47,headtoesteethnose,I heard the brain did that too
nqga8ha,1p505rj,todayilearned,2025-W47,Puzzleheaded-Mail896,And now we think it’s quite rare for stars not to have planets
nqgaxob,1p52vfv,todayilearned,2025-W47,Mm2k,"I heard it was Yes in French, and Yes in Swedish."
nqgbmcf,1p52vfv,todayilearned,2025-W47,bendable_girder,I heard it was a transliteration of Wicca lol
nqgc0t7,1p41co5,todayilearned,2025-W47,TrueInDueTime,"Dating apps for me are difficult because I'm honest and put ""doesn't want kids"" on my profiles"
nqgc4ya,1p505rj,todayilearned,2025-W47,Frostsorrow,The real kicker is that the asteroid hitting the planet and wiping out the dinosaurs theory is less then a 50 years old.
nqgcaet,1p505rj,todayilearned,2025-W47,Longjumping-Debt7480,I’m sure they just block those facts out of their mind.
nqgccum,1p50m22,todayilearned,2025-W47,justmoderateenough,Well she’s applying for medical school and needs something juicy for her application!
nqgci1v,1p505rj,todayilearned,2025-W47,DogPlane3425,Now they need to determine if there is any intelligent life on the 3rd planet from SOL! Doubting it.
nqgci7k,1p50m22,todayilearned,2025-W47,Cosbybow,Some people dont realize how unprofessional the real professionals are
nqgcsou,1p505rj,todayilearned,2025-W47,CommunicationEast972,And we wonder why we can’t “see aliens” while exoplanets are barely a smudge and we don’t even have one single actual clear picture of a star outside our solar system. Our imaging is so far behind what would be needed to see anything. We are blind 
nrmjjqt,1pawc6i,todayilearned,2025-W48,Deitaphobia,I feel the same way now.
nrmjwf0,1pafhz1,todayilearned,2025-W48,HaileSelassieII,"Fingerprints were used to identify criminals in British India in the mid 1800's though, so it was already a thing by the time he wrote about it. At least I'm pretty sure"
nrmlrus,1patk1m,todayilearned,2025-W48,langsamlourd,I don't appreciate my future obituary written before I die
nrmmc2q,1pa8ipn,todayilearned,2025-W48,ReferenceMediocre369,I have always respected automobile brands named after female anatomy.
nrmmgxw,1patk1m,todayilearned,2025-W48,TheMuffler42069,So they are a danger to others…
nrmnsp6,1pakty6,todayilearned,2025-W48,TheMuffler42069,International what ?
nrmocv2,14gqtc,todayilearned,2025-W48,9to5Voyager,That's hot
nrmog9n,1p8zwf5,todayilearned,2025-W48,Deep_Difficulty4903,What's the worst?
nrmon7z,1p916fj,todayilearned,2025-W48,GreekKnight3,"I sadly think this puts an asterisk next to all prior winners, if the voting hadn't been so flawed this whole time."
nrmp7l0,1paif57,todayilearned,2025-W48,kluthage421,His fault he has a dumb ass name
nrmpdtg,1paowct,todayilearned,2025-W48,Leicester68,And the zonkey/zeedonk: zebra-donkey hybrid
nrmpwg5,1pak7d5,todayilearned,2025-W48,Responsible_Page1108,i am so glad that this song doesn't come up on the christmas pandora station.
nrmq0nk,3wso0u,todayilearned,2025-W48,Open_Construction350,"I think to achieve success and greatness and become extraordinary, you have to have a borderline mental belief in yourself. That same belief can create issues with gambling. Its a blessing and a curse. If you feel like you can beat the odds of life, you feel like you can beat the odds of chance."
nrmqw3q,1pak7d5,todayilearned,2025-W48,cloudyah,"Royalties from streaming services, royalties from the licensing for media usage, and royalties from the licensing contracts with commercial music services like Muzak."
nrmrfbx,1pakty6,todayilearned,2025-W48,Isaacvithurston,Wasn't he a Golden Retriever. Adorable breed but I wouldn't go out of my way to make more of them. They have something like 50% chance of getting cancer sadly.
nrms4lp,1pak7d5,todayilearned,2025-W48,MusicianBudget3960,Yes this gets repeated *evey fucking year*
nrms53p,1palwhp,todayilearned,2025-W48,samx3i,"Is that what they were referencing in the Jordan Peele movie, ""Nope""?"
nrmtnml,1patk1m,todayilearned,2025-W48,Top-Competition9263,"I didn’t read the story, but the title was “An ‘overly obese’ body set a crematorium on fire – again”

It’s the again part that got to me."
nrmtt6p,1paynw7,todayilearned,2025-W48,WardenWolf,"Sorta kinda. They finally shut down their last dialup lines a few months ago. They are finally no longer an ISP, just a content provider."
nrmtyae,1patk1m,todayilearned,2025-W48,MetaphoricalDicks,"i feel qualified to say this (i work next to a crematorium), but allegedly the heavier the person in the cremator) the more it will likely smell like BBQ pork."
nrmuak7,1paynw7,todayilearned,2025-W48,Paraxom,"so a 31 year old randomly names a 33 year old he's never met as his sole heir? like bruh you're worth a billion unless he's sterile, gay and celibate i don't see why that couldn't change within a year"
nrmucw5,1paynw7,todayilearned,2025-W48,BlackWaltz47,Brazilianaire was right there and whiffed on it.
nrmuv0j,1pawc6i,todayilearned,2025-W48,Devins478,One of the founding fathers son try to apologize but do who but didn’t want to hear it from them
nrmuy4d,1pak7d5,todayilearned,2025-W48,Toshiba1point0,"Come in here dear boy have a cigar, youre gonna go far....

.and if we tell you the name of the game boy, we call it riding the gravy train"
nrmv33b,1patk1m,todayilearned,2025-W48,paralleled_existence,Wtf?
nsunout,1pgtl3t,todayilearned,2025-W49,Dizzy_Veterinarian12,This headline is gonna do a lot of harm when stupid people don’t read the article to find out it’s a statistical effect and it does not in fact make it safer to drive slightly drunk compared to being sober
nsunv2m,1pgry6k,todayilearned,2025-W49,tacomaloki,"Loosely related, if anyone is looking for something fun to watch, check out Thermae Romae on Netflix. It's light hearted and fun!"
nsunve2,1pglu5k,todayilearned,2025-W49,Gargomon251,I thought he was the lead singer. My life is a lie.
nsuo4c2,1pgvh39,todayilearned,2025-W49,baldwil,His name was White because of slavery
nsuoc4a,1pglu5k,todayilearned,2025-W49,thatgenxguy78666,"Been listening to an Ozzy audio book,and ""early ""Sabbath would hang around clubs in case the top act didnt show up,and they would offer to play. That happened when Jethro was a no show."
nsuoofc,1pgt5zn,todayilearned,2025-W49,thebawsofyou,"It's worth noting, the object in question is a pool cue."
nsupxle,1pgt5zn,todayilearned,2025-W49,drcygnus,https://youtu.be/3rCTpwLdYQA?si=HvyxSDnOgYAQb0y2
nsuqkkr,1pglu5k,todayilearned,2025-W49,Starwho,Never heard of them
nsuqwpf,1pgtl3t,todayilearned,2025-W49,alonjit,"Ah, I see, ""drunk enough to enjoy driving, but sober enough to know what you're doing"" method."
nsurbu0,1pgs6p0,todayilearned,2025-W49,ManicMakerStudios,"If you sleep 8 hours/day and are awake for 16, that 112 hours/week that you have every single week to live your life.  Some of that time will be taken up by daily necessities, like hygiene, preparing and eating meals, cleaning/laundry etc.

If you set aside 40 hours out of that week for work, that's 72 hours left for everything else.  That means nearly 2/3 of your waking life is ""you time"".

When you put it that way, it seems kind of decadent, doesn't it?"
nsurglm,1pgtw5s,todayilearned,2025-W49,comradequiche,Haha no but I have given that book to many people for Christmas and birthdays 😆
nsus856,1pgdvo9,todayilearned,2025-W49,BobKain,Me trying to say Arrakis after coming out of the dentist.
nsus9j1,1pglu5k,todayilearned,2025-W49,Bugout42,"Honestly, their lyrics are so strange that having a strange band name is acceptable."
nsut4uf,1pgtl3t,todayilearned,2025-W49,Bulbform87,"Anecdotal example here but I love playing billiards. I'm a decent player but I notice that when I'm about 2 or 3 beers in my skills go into overdrive and I play so much better. It's like I get into a zone. Any more alcohol than that and it all goes to hell, I'm done for the night, but maybe this is something similar."
nsuth37,1pgyae8,todayilearned,2025-W49,Billy1121,"For context, Medicaid pays for longer nursing home stays while Medicare does not. So many seniors have to go on Medicaid in their later years to afford long term nursing home care.

Different states go about it in different ways. This article refers to Iowa which uses a third party vendor who gets 11% of all recoveries, so they recovered about $29 million in 2019. Whereas Hawaii has about half the population of Iowa and only recovered around $30,000.

Depending on the state, retirement accounts or homes may be included or excluded. Iowa is brutal because in this article they even went after back pay because the daughter of an elderly person unwittingly enrolled in a program to pay caregivers, which was (unknown to her) actually a Medicaid program.

> ""There's a discrimination against what I call 'the wrong type of disease,'"" Einhart says. Medicare could spend hundreds of thousands of dollars on hospital treatment for a person with serious heart problems or cancer, and no government representatives would try to recoup the money from the person's estate. But people with other conditions, such as dementia, often need extended nursing home care, which Medicare won't cover. Many such patients wind up on Medicaid, and their estates are billed."
nsuupvh,1pgtl3t,todayilearned,2025-W49,CivilRadio1582,"As someone from Grand Rapids, I don't know if I should be proud of this"
nsuvsyd,1pg4n1c,todayilearned,2025-W49,Clawdius_Talonious,There needs to be a video game where you play as Ea-Nasir and you can't make ends meet so you adulterate your products more and more... That could be great fun.
nsuw08y,1pgtl3t,todayilearned,2025-W49,Odd_Comment4104,"More cautious with a beer or two than completely sober, wow easy to understand lol"
nsux40s,1pgjo8e,todayilearned,2025-W49,Doodah18,[A little Moxy Früvous song to lighten the mood.](https://youtu.be/OF3JfiexLVA?si=uS_7RRPOMz9CANbg)
nsuxb6j,1pgtl3t,todayilearned,2025-W49,gnatdump6,I think if you know you had a drink you are more careful to avoid doing anything to be pulled over and therefore lower risk for an accident.
nsuxdj5,1pgtl3t,todayilearned,2025-W49,4s54o73,"Probably a person that had one drink is driving more careful and alert, because they are conscience of having had a drink - radio off, no phone."
nsuxjkn,1pfyy3h,todayilearned,2025-W49,Total-Hack,Practicing? Well did he at least get good at it?
nsuxny6,1pgtw5s,todayilearned,2025-W49,Rococoss,Mammals in general are a neurotic bunch. Even the big ones seem to have that genetic memory of when we were rodent-sized. See: our fear of snakes and creepy crawlies
nsuyjjy,1pgtw5s,todayilearned,2025-W49,Gelnika1987,... What the *fuck?*
nsv00dc,1pgtl3t,todayilearned,2025-W49,LivesDoNotMatter,"how do they gather such data?

I'm wondering if there's a bias in there somewhere."
nu2jhdg,1pmswlh,todayilearned,2025-W50,grungegoth,Still does
nu2k4qc,1pmsr61,todayilearned,2025-W50,ThatDandySpace,Damn...it's so trashed that even British think twice looting it
nu2k4vw,1pmsel7,todayilearned,2025-W50,JeskaiJester,"Don’t OD on deliriants. Also don’t regular on deliriants. Also don’t microdose them. Even consistent usage of normal doses of diphenhydramine for allergies/sleep is associated with big increases in dementia risk. There are studies you can look up, it’s real. But don’t worry, you’re going to forget I told you that and keep doing it anyway "
nu2l69f,1pmsel7,todayilearned,2025-W50,02meepmeep,I am become Autism.  Muddler of Minds.
nu2l7zf,1pl7o4j,todayilearned,2025-W50,Educational_Road2461,no way. i was born there 😭😭
nu2lajy,1pmsel7,todayilearned,2025-W50,cerebral_sequoia,And then she got autism x 1000
nu2lzf1,1pmsel7,todayilearned,2025-W50,pyrocidal,"ugh that'd be so gross


just shoveling handfuls into your mouth"
nu2mts1,1pmswlh,todayilearned,2025-W50,Mlakeside,"Considering elks live natively in Eurasia, in addition to North America and ""moose"" being a loanword Native American Algonquin language, it would be weird if we didn't have a word for the animal until post-Columbian times.


The reason why moose replaced elk in English is simply because Britain doesn't have them, so when English settlers first saw an elk in America, they didn't have (or rather, didn't know they had) a word for the animal. This is also likely the reason they named the wapiti ""elk"", despite it not looking like one: they might have known an elk was a type of large deer, so they just used the term they had."
nu2mvnz,1pmsel7,todayilearned,2025-W50,Proskater789,"I'm happy you are still here! Sharing with the world your own unique ray of sun. Even if sometimes you don't see it shining above the clouds, it's still there."
nu2n1hy,1pmqceo,todayilearned,2025-W50,OceanMan40k,This is gonna make for so many good insults now that I know this
nu2naap,1pmsr61,todayilearned,2025-W50,Psychic_Hobo,"It makes the British (aka political opponents of their friends Russia) look bad, pretty much."
nu2oavx,1pmsel7,todayilearned,2025-W50,SeasonNo3107,I'm glad you're here
nu2odwv,1pmsel7,todayilearned,2025-W50,gbinasia,I assumed the better way is to blend them into a smoothie or something.
nu2or5v,1plpx6z,todayilearned,2025-W50,talann,"For quite a long time, showgirls(1995) reigned as the top grossing NC-17 film."
nu2oybl,1pmsr61,todayilearned,2025-W50,Archivist2016,"Bit late but just look at the piss poor quality of the wiki section in Laxmichand's wiki 💀:


>The Taj Mahal was auctioned twice by the British in 1831, the condition of these auctions being that the person who buys the beautiful stones of the Taj Mahal would have to be handed over to the British government. During that time, Rao Laxmi Chand, who went for shooting in Mathura district with his forces , made the highest bid and bought the Taj Mahal, that is why the Taj Mahal is still standing proudly in its country, otherwise Taj Mahal was about to be demolished.


This the type of shit you read on YouTube comments"
nu2peqs,1pmsel7,todayilearned,2025-W50,mr_diggory,"Back in my Robitussin phase I would take the gel capsules and that involved eating 60-80 of them at once, then usually throwing them all back up about 90 minutes later... It wasn't cute lol I definitely still feel nauseous taking any medicine in that form. I was a pharmacy tech briefly and the Vitamin D capsules looked identical and just the sight of them made me sick 😅"
nu2pgf5,1pmsr61,todayilearned,2025-W50,geniice,Yeah I feel if the brits even considered taking apart the  Taj Mahal bit of it would be in the british museum or V&A.
nu2pirq,1pmsel7,todayilearned,2025-W50,COMOJoeSchmo,"Important note:  most people do not survive taking a bottle of Tylenol or ibuprofen.  It's typically a slow, lingering, painful death by liver failure."
nu2pnsz,1ployeh,todayilearned,2025-W50,Goliathvv,"I grew up with a Mega Drive (Sega Genesis), and a friend had a Master System.

The genesis controller worked on the master system, so I would just bring my controller to my friend's place and we would play together there. Good times."
nu2px3f,1pmsr61,todayilearned,2025-W50,DrJuanZoidberg,Visiting places on your miserable rainy island is not comparable to visiting someplace half a world away in the 1800s for shits and giggles
nu2pyq6,1pmswlh,todayilearned,2025-W50,weeddealerrenamon,">when English settlers first saw an elk in America

I think you mean when they first saw a moose?"
nu2qnxx,1pmsel7,todayilearned,2025-W50,SongStuckInMyHeadd,omg I meant brain damage
nu2r2r7,1pmsel7,todayilearned,2025-W50,LaughingCoyoteCalf,"Thank you!! We are all trying to survive out here, but finding the little enjoyments and dappled sunlight along the way has been incredibly uplifting. Wishing all a peaceful and happy life."
nu2r6e1,1pmjtbg,todayilearned,2025-W50,HeavenlyChickenWings,">Between 1961 and 1965, landmine explosions resulted in the deaths of at least 10 people, including as the result of engineering accidents and late-night partygoers

Party ended with a bang"
nu2rk1o,1pmsel7,todayilearned,2025-W50,KlatuuBarradaNicto,"I often wonder about opioid addicts that take opioid pills containing acetaminophen. When they take more pills than they should in their addiction, do they get liver failure? You don’t hear much about it but I would think that would happen a lot."
nvaa34w,1psiey6,todayilearned,2025-W51,pogue972,"There was this woman I used to follow on IG named Hoopsie Daisy who did amazing hulu hoop tricks who said she had been to clown school in the UK. I asked her about it and Brits were telling me it's a real thing 🤷

She's very talented, go look her up. She lives off OF I think, but I much more enjoyed watching her spin 4 hoops at once & other amazing tricks."
nvaal11,1pskt0a,todayilearned,2025-W51,Mattk1100,New instant pot recipe
nvab48k,1ps554l,todayilearned,2025-W51,GuitarGeezer,"Loved that commercial a few years ago with the people screaming about flying two headed bears attacking them. Glad to see it has some basis in reality. Sorta. Cannot remember the product at all. 

Might be a good time to point out humans woulda still killed them off at an insane kill/death ratio. Never, ever, believe it if they try the hype that humans are not potentially far worse than any other creature out there. Merry Christmas, mother fu$&ers!"
nvab4v8,1pskwal,todayilearned,2025-W51,Own_Detail4392,Any injuries in the club? That’s a lot of people.
nvab6b3,1psfk4v,todayilearned,2025-W51,ScrewAttackThis,"Yeah, I imagine demands of someone like Prince over a gig he's not being paid for are more like pretty pleases. "
nvabbcq,1ps9w18,todayilearned,2025-W51,PhraseFirst8044,i have a habit of accidentally vocalizing my sneezes as a very loud FUCK. yes my father was a sailor
nvabmn4,1psg5cq,todayilearned,2025-W51,Lycaon-Ur,Goddess damn. I feel like I'm dying 30 seconds in. 7 minutes is outstanding.
nvabzmo,1pskt0a,todayilearned,2025-W51,futureformerteacher,Can't I just be trebucheted into the ocean at such a high speed that I become a thin pink mist?
nvac1t1,1psiey6,todayilearned,2025-W51,Smart_Resist615,Very nice. Now let's see John Wayne Gacy's egg.
nvac7xp,1psk5as,todayilearned,2025-W51,DaveOJ12,What did I just read?
nvachqt,1pskt0a,todayilearned,2025-W51,BertieTheDoggo,"The bones are still left over so can be crushed and turned into ashes, similar to cremation. They're just a lighter colour."
nvacu9j,1pskwal,todayilearned,2025-W51,olamika,Not really though
nvacxfa,1pskt0a,todayilearned,2025-W51,Streambotnt,"Instead of being turned into ash with the possibility of burial in an urn, you are instead made into toxic sewage that‘s a nightmare to process let alone store, all the while using an expensive amount of chemicals to break your body down. What a shitty idea."
nvad1fw,1pskt0a,todayilearned,2025-W51,AbjectList8,That sounds pleasant
nvad46q,1pskt0a,todayilearned,2025-W51,lluciferusllamas,Can this be done on twenty bodies at room temperature in the crawl space of a house?  Asking for a friend who is a clown.
nvads68,1ks0spe,todayilearned,2025-W51,leoyvr,Listen to CBC Podcast: The Devil You know
nvadurj,1psg5cq,todayilearned,2025-W51,Taint_Skeetersburg,"That's insanely impressive. I used to train breath holding for spearfishing / lobstering and made it to 4m30s one summer, after weeks of daily all-day free diving. I can't imagine the dedication it would take to hit 7 minutes. "
nvaed2b,1pskt0a,todayilearned,2025-W51,Cubyface,Tbh sounds like cremation but just with more steps
nvaej8s,1pskt0a,todayilearned,2025-W51,Icelander2000TM,Isn't this how cartels dispose of bodies?
nvaezgu,1psk0bx,todayilearned,2025-W51,Fetlocks_Glistening,"What ""myth""? Never even heard such nonsense"
nvaf34e,1pskt0a,todayilearned,2025-W51,jreykdal,Not toxic at all and mostly safe to process. The alkalinity might be bad for direct skin contact but it can be diluted out with water or neutralized with some acid.
nvafy5l,1pr6gfp,todayilearned,2025-W51,alvinofdiaspar,See also H. pylori as the causative agent for ulcers.
nvagcbr,1pskt0a,todayilearned,2025-W51,Sadimal,[Ask a Mortician ](https://youtu.be/SbQTACCNgcg?si=k-dmzvgNpNvxKFjh)did a video on this years ago.
nvah7fg,1pskwal,todayilearned,2025-W51,olamika,That’s the issue not a new band getting 30 people
nvahnz9,1pskt0a,todayilearned,2025-W51,ohwowimonredditcool,as mitt romney once said… corporations are people! (that is unless they make a mistake.)
